{"IcoMoonType":"selection","icons":[{"icon":{"paths":["M512 32l-480 480h288v512h384v-512h288z"],"tags":["arrow-up","up","upload","top"],"defaultCode":59954,"grid":16,"attrs":[]},"attrs":[],"properties":{"ligatures":"arrow-up, up","name":"arrow-up","order":2,"id":307,"prevSize":32,"code":59954},"setIdx":0,"setId":1,"iconIdx":306}],"height":1024,"metadata":{"name":"icomoon"},"preferences":{"showGlyphs":true,"showQuickUse":true,"showQuickUse2":true,"showSVGs":true,"fontPref":{"prefix":"icon-","metadata":{"fontFamily":"icomoon"},"metrics":{"emSize":1024,"baseline":6.25,"whitespace":50},"embed":false},"imagePref":{"prefix":"icon-","png":true,"useClassSelector":true,"color":0,"bgColor":16777215,"classSelector":".icon"},"historySize":50,"showCodes":true,"gridSize":16}}